Arabic,English,Transliteration
عَالَجَ \ يُعَالِجُ \ عَالِجْ \ مُعَالَجَةٌ,"To treat, cure",‘aاlaja / yu‘aاliju / ‘aاlij / mu‘aاlajaahun
اِشْتَكَى \ يَشْتَكِي \ اِشْتَكِ \ اِشْتِكَاءٌ,To complain; To suffer from,اishtakaā / yashtakiy / اishtaki / اishtikaا’un
أَمَرَ(بِ) \ يَأْمُرُ \ مُرْ \ أَمْرٌ,To command,aamara(bi) / yaamuru / mur / aamrun
"سَقَى \ يَسْقِي \ اِسْقِ \ سَقْيٌ , سِقَايَةٌ",To give someone something to drink,"saqaā / yasqiy / اisqi / saqyun , siqaاyaahun"
فَكَّرَ \ يُفَكِّرُ \ فَكِّرْ \ تَفْكِيرٌ,To think,fakaara / yufakiiru / fakiir / tafkiyrun
تَشَابَهَ \ يَتَشَابَهَ \ تَشَابَهْ \ تَشَابُهٌ,To resemble,tashaاbaha / yatashaاbaha / tashaاbah / tashaاbuhun
اِخْتَلَفَ \ يَخْتَلِفُ \ اِخْتَلِفْ \ اِخْتِلَافٌ,To differ,اikhtalafa / yakhtalifu / اikhtalif / اikhtilaاfun
زَادَ \ يَزِيدُ \ زِدْ \ زِيَادَةٌ,To increase,zaاda / yaziydu / zid / ziyaاdaahun
حَاوَلَ \ يُحَاوِلُ \ حَاوِلْ \ مُحَاوَلَةٌ,To try,haاwala / yuhaاwilu / haاwil / muhaاwalaahun
نَجَحَ \ يَنْجَحُ \ اِنْجَحْ \ نَجَاحٌ,"To pass, be successful",najaha / yanjahu / اinjah / najaاhun
مَارَسَ \ يُمَارِسُ \ مَارِسْ \ مُمَارَسَةٌ,"To exercise, practise",maاrasa / yumaاrisu / maاris / mumaاrasaahun
"نَقَصَ \ يَنْقُصُ \ اُنْقُصْ \ نَقْصٌ , نُقْصَانٌ",To decrease,"naqasa / yanqusu / اunqus / naqsun , nuqsaاnun"
أَخَدَ \ يَأْخُذُ \ خُذْ \ أَخْذٌ,"To take, to start",aakhada / yaakhudhu / khudh / aakhdhun
تَنَاوَلَ \ يَتَنَاوَلُ \ تَنَاوَلْ \ تَنَاوُلٌ,To consume,tanaاwala / yatanaاwalu / tanaاwal / tanaاwulun
حَدَثَ \ يَحْدُثُ \ اُحْدُثْ \ حَدَثٌ,To happen,hadatha / yahduthu / اuhduth / hadathun
اِعْتَقَدَ \ يَعْتَقِدُ \ اِعْتَقِدْ \ اِعْتِقَادٌ,To believe,اi‘taqada / ya‘taqidu / اi‘taqid / اi‘tiqaاdun
اِتَّبَعَ \ يَتَّبِعُ \ اِتَّبِعْ \ اِتِّبَاعٌ,To follow,اitaaba‘a / yataabi‘u / اitaabi‘ / اitiibaا‘un
كَفَى \ يَكْفِي \ اِكْفِ \ كِفَايَةٌ,"To suffice, be enough",kafaā / yakfiy / اikfi / kifaاyaahun
أَحْسَنَ \ يُحْسِنُ \ أَحْسِنْ \ إِحْسَانٌ,To do excellently,aahsana / yuhsinu / aahsin / إihsaاnun
وَجَدَ \ يَجِدُ \ جِدْ \ وُجُودٌ,To find,wajada / yajidu / jid / wujuwdun
تَقَدَّمَ \ يَتَقَدَّمُ \ تَقَدَّمْ \ تَقَدُّمٌ,"To progress, improve, advance",taqadaama / yataqadaamu / taqadaam / taqaduumun
ظَهَرَ \ يَظْهَرُ \ اِظْهَرْ \ ظُهُورٌ,"To appear, becoame apparent, clear",zahara / yazharu / اizhar / zuhuwrun
ضَغَطَ \ يَضْغَطُ \ اِضْغَطْ \ ضَغْطٌ,To exert pressure on,daghata / yadghatu / اidghat / daghtun
حَذَّرَ (مِنْ) \ يُحَذِّرُ \ حَذِّرْ \ تَحْذِيرٌ,To warn against,hadhaara (min) / yuhadhiiru / hadhiir / tahdhiyrun
نَهَى (عَنْ) \ يَنْهَى \ اِنْهَ \ نَهْيٌ,"To forbid, prohibit",nahaā (‘an) / yanhaā / اinha / nahyun
أَسْرَفَ \ يُسْرِفُ \ أَسْرِفْ \ إِسْرَافٌ,To waste,aasrafa / yusrifu / aasrif / إisraاfun
ضَرَّ \ يَضُرُّ \ ضُرَّ \ ضَرَرٌ,To harm,daraa / yaduruu / duraa / dararun
أَلَمٌ \ آلَامٌ,Pain,aalamun / ālaاmun
خَطِيرٌ \ خُطُرٌ,"Serious, grave, dangerous",khatiyrun / khuturun
مَعِدَةٌ \ مَعِدٌ,Stomach,ma‘idaahun / ma‘idun
دُكْتُورٌ \ دَكَاتِرَةٌ,Doctor,duktuwrun / dakaاtiraahun
قِصَّةٌ \ قِصَصٌ,Story,qisaaahun / qisasun
مَرْأَةٌ \ نِسَاءٌ,Woman,maraaahun / nisaا’un
صَحَابِيٌّ \ صَحَابَةٌ,Companion,sahaاbiyunun / sahaاbaahun
رَجُلٌ \ رِجَالٌ,Man,rajulun / rijaاlun
بَطْنٌ \ بُطُونٌ,Stomach,batnun / butuwnun
مَرَضٌ \ أَمْرَاضٌ,"Illness, disease",maradun / aamraاdun
مَرَّةٌ \ مَرَّاتٌ,"Once, one time",maraaahun / maraaاtun
قَلْبٌ \ قُلُوبٌ,Heart,qalbun / quluwbun
مَحَلٌّ \ مَحَلَّاتٌ,"Shop, business",mahalunun / mahalaaاtun
أَكْلٌ \ أَكَلَاتٌ,Food,aaklun / aakalaاtun
شَيْءٌ \ أَشْيَاءُ,Thing,shay’un / aashyaا’u
وِعَاءٌ \ أَوْعِيَةٌ,"Vessel, container",wi‘aا’un / aaw‘iyaahun
حِمْيَةٌ \ حِمْيَاتٌ,Diet,himyaahun / himyaاtun
"بَيْضَةٌ \ بَيْضٌ , بُيُوض",Egg,"baydaahun / baydun , buyuwd"
رَوَّحَ \ يُرَوِّحُ \ رَوِّحْ \ تَرْوِيحٌ,"To recreate, relax, refresh",rawaaha / yurawiihu / rawiih / tarwiyhun
اِحْتَاجَ (إِلَى) \ يَحْتَاجُ \ اِحْتَجْ \ اِحْتِيَاجٌ,To need,اihtaاja (إilaā) / yahtaاju / اihtaj / اihtiyaاjun
أُغْمِىَ \&nbsp;يُغْمَى \ أَغْمِ \ إِغْمَاءٌ,"To faint, to lose consciousness (passive)",aughmiāa / &nbsp;yughmaā / aaghmi / إighmaا’un
أَفَاقَ \ يُفِيقُ \ أَفِقْ \ إِفَاقَةٌ,To recover consciousness,aafaاqa / yufiyqu / aafiq / إifaاqaahun
غَيَّرَ \ يُغَيِّرُ \ غَيِّرْ \ تَغْيِيرٌ,To change,ghayaara / yughayiiru / ghayiir / taghyiyrun
قَصَدَ \ يَقْصِدُ \ اِقْصِدْ \ قَصْدٌ,To intend,qasada / yaqsidu / اiqsid / qasdun
صَدَقَ \ يَصْدُقُ \ اُصْقُدْ \ صِدْقٌ,To be truthful,sadaqa / yasduqu / اusqud / sidqun
قَتَلَ \ يَقْتِلُ \ اْقْتُلْ \ قَتْلٌ,To kill,qatala / yaqtilu / اqtul / qatlun
دَعَا (إِلَى) \ يَدْعُو \ اُدْعُ \ دَعْوَةٌ,"To call to, invite",da‘aا (إilaā) / yad‘uw / اud‘u / da‘waahun
عَلَّمَ \ يُعَلِّمُ \ عَلِّمْ \ تَعْلِيمٌ,To teach,‘alaama / yu‘aliimu / ‘aliim / ta‘liymun
نَادَى \ يُنَادِي \ نَادِ \ نِدَاءٌ,To call,naاdaā / yunaاdiy / naاdi / nidaا’un
"نَاقَشَ \ يُنَاقِشُ \ نَاقِشْ \ نِقَاش , مُنَاقَشَةٌ",To discuss,"naاqasha / yunaاqishu / naاqish / niqaاsh , munaاqashaahun"
لَعِبَ \ يَلْعَبُ \ اِلْعَبْ \ لَعْبٌ,To play,la‘iba / yal‘abu / اil‘ab / la‘bun
سَبَحَ \ يَسْبَحُ \ اِسْبَحْ \ سِبَاحَةٌ,To swim,sabaha / yasbahu / اisbah / sibaاhaahun
نَصَبَ \ يَنْصُبُ \ اُنْصُبْ \ نَصْبٌ,"To set up, erect",nasaba / yansubu / اunsub / nasbun
حَمَلَ \ يَحْمِلُ \ اِحْمِلْ \ حَمْلٌ,"To carry, bring with",hamala / yahmilu / اihmil / hamlun
اِصْطَادَ \ يَصْطَادُ \ اِصْطَدْ \ اِصْطِيَادٌ,To hunt/to fish,اistaاda / yastaاdu / اistad / اistiyaاdun
صَوَّرَ \ يُصَوِّرُ \ صَوِّرُ \ تَصْوِيرٌ,To take a picture,sawaara / yusawiiru / sawiiru / taswiyrun
مَشَى \ يَمْشِي \ اِمْشِ \ مَشْيٌ,To walk,mashaā / yamshiy / اimshi / mashyun
أَعَدَّ \ يُعِدُّ \ أَعِدَّ \ إعْدَادٌ,To prepare,aa‘adaa / yu‘iduu / aa‘idaa / إ‘daاdun
"نَفْسٌ \ نُفُوسٌ , أَنْفُسٌ","Self, soul","nafsun / nufuwsun , aanfusun"
جِسْمٌ \ أَجْسَامٌ,Body,jismun / aajsaاmun
أُسْلُوبٌ \ أَسَالِيبُ,Style,ausluwbun / aasaاliybu
هَدَفٌ \ أَهْدَافٌ,Goal,hadafun / aahdaاfun
حَيَاةٌ \ حَيَوَاتٌ,Life,hayaاahun / hayawaاtun
نَصِيحَةٌ \ نَصَائِحُ,Advice,nasiyhaahun / nasaاiihu
حَدِيقَةٌ \ حَدَائِقُ,Park,hadiyqaahun / hadaاiiqu
نَوْعٌ \ أَنْوَاعٌ,Type,naw‘un / aanwaا‘un
شَاطِئٌ \ شَوَاطِئُ,Coast,shaاtiiun / shawaاtiiu
نَشَاطٌ \ أَنْشِطَةٌ,Activity,nashaاtun / aanshitaahun
لُعْبَةٌ \ أَلْعَابٌ,"Game, toy",lu‘baahun / aal‘aاbun
مُخَيَّمٌ \ مُخَيَّمَاتٌ,Camp,mukhayaamun / mukhayaamaاtun
أَمْرٌ \ أُمُورٌ,"Affair, matter",aamrun / aumuwrun
شِعْرٌ \ أَشْعَارٌ,Poetry,shi‘run / aash‘aاrun
وَسِيلَةٌ \ وسَائِلُ,"Way, means",wasiylaahun / wsaاiilu
قُوَّةٌ \ قُوَّاتٌ,"Energy, power, strength",quwaaahun / quwaaاtun
بَرْنَامَجْ \ بَرَامِجْ,Programme,barnaاmaj / baraاmij
مَصِيفٌ \ مَصَايِفُ,Summer resort,masiyfun / masaاyifu
غَابَةٌ \ غَابَاتٌ,Forest,ghaاbaahun / ghaاbaاtun
"بَحْرٌ \ بِحَارٌ , أَبْحُرٌ",Ocean,"bahrun / bihaاrun , aabhurun"
"إِنَاءٌ \ أَوَانٍ , آنَيَةٌ",Container,"إinaا’un / aawaاnin , ānayaahun"
"طَائِر \ طُيُورٌ , طَيْر",Bird,"taاiir / tuyuwrun , tayr"
قَلِقَ \ يَقْلَقُ \ اِقْلَقْ \ قَلَقٌ,To worry,qaliqa / yaqlaqu / اiqlaq / qalaqun
عَرَفَ \ يَعْرِفُ \ اِعْرِفْ \ مَعْرِفَةٌ,To know,‘arafa / ya‘rifu / اi‘rif / ma‘rifaahun
نَاسَبَ \ يُنَاسِبُ \ نَاسِبْ \ مُنَاسَبَةٌ,To be suitable,naاsaba / yunaاsibu / naاsib / munaاsabaahun
حَقَّقَ \ يُحَقِّقُ \ حَقِّقْ \ تَحْقِيقٌ,"To accomplish, actualise, achieve",haqaaqa / yuhaqiiqu / haqiiq / tahqiyqun
عَجَزَ \ يَعْجِزُ \ اِعْجِزْ \ عَجْزٌ,To be incapable of,‘ajaza / ya‘jizu / اi‘jiz / ‘ajzun
حَلَّ \ يَحُلُّ \ حُلَّ \ حَلٌّ,To solve; To untie; To come down,halaa / yahuluu / hulaa / halunun
ثَارَ \ يَثُورُ \ ثُرْ \ ثَوْرَةٌ,To become agitated; To rise against,thaاra / yathuwru / thur / thawraahun
"حَاوَرَ \ يُحَاوِرُ \ حَاوِرْ \ مُحَارَوَةٌ , حِوَارٌ",To converse,"haاwara / yuhaاwiru / haاwir / muhaاrawaahun , hiwaاrun"
عَادَ \ يَعُودُ \ عُدْ \ عَوْدَةٌ,To return,‘aاda / ya‘uwdu / ‘ud / ‘awdaahun
شَكَا \ يَشْكُو \ اُشْكُ \ شَكْوَى,To complain,shakaا / yashkuw / اushku / shakwaā
عَاشَ \ يَعِيشُ \ عِشْ \ عَيْشٌ,To live,‘aاsha / ya‘iyshu / ‘ish / ‘ayshun
دَرَى \ يَدْرِي \ اِدْرِ \ دِرَايَةٌ,To know,daraā / yadriy / اidri / diraاyaahun
أَطَاعَ \ يُطِيعُ \ أَطِعْ \ إِطَاعَةٌ,To obey,aataا‘a / yutiy‘u / aati‘ / إitaا‘aahun
تَغَيَّرَ \ يَتَغَيَّرُ \ تَغَيَّرْ \ تَغَيُّرٌ,To be changed,taghayaara / yataghayaaru / taghayaar / taghayuurun
أَهْمَلَ \ يُهْمِلُ \ أَهْمِلْ \ إِهْمَالٌ,To neglect; To omit,aahmala / yuhmilu / aahmil / إihmaاlun
اِهْتَمَّ \ يَهْتَمُّ \ اِهْتَمَّ \ اِهْتِمَامٌ,"To take seriously, give importance to",اihtamaa / yahtamuu / اihtamaa / اihtimaاmun
سَهِرَ \ يَسْهَرُ \ اِسْهَرْ \ سَهْرٌ,To stay awake at night,sahira / yasharu / اishar / sahrun
ضَمَّ \ يَضُمُّ \ ضُمَّ \ ضَمٌّ,"To contain, consist of; To draw together",damaa / yadumuu / dumaa / damunun
اِخْتَفَى \ يَخْتَفِي \ اِخْتَفِ \ اِخْتَفَاءٌ,To disappear,اikhtafaā / yakhtafiy / اikhtafi / اikhtafaا’un
ضَعُفَ \ يَضْعُفُ \ اُضْعُفْ \ ضَعْفٌ,To be weak,da‘ufa / yad‘ufu / اud‘uf / da‘fun
قَامَ (بِ) \ يَقُومُ \ قُمْ \ قِيَامٌ,"To do/fullfull, stand",qaاma (bi) / yaquwmu / qum / qiyaاmun
فَتَاةٌ \ فَتَايَاتٌ,Young girl,fataاahun / fataاyaاtun
خِلَافٌ \ خِلَافَاتٌ,"Difference, disagreement",khilaاfun / khilaاfaاtun
بِنْتٌ \ بَنَاتٌ,Girl,bintun / banaاtun
حَلٌّ \ حُلُولٌ,Solution,halunun / huluwlun
غَنِيٌّ \ أَغْنِيَاءُ,Rich,ghaniyunun / aaghniyaا’u
مَالٌ \ أَمْوَالٌ,Wealth,maاlun / aamwaاlun
شَابٌّ \ شَبَابٌ,Youth,shaاbunun / shabaاbun
دِينٌ \ أَدْيَانٌ,Religion,diynun / aadyaاnun
سَبَبٌ \ أَسْبَابٌ,Reason,sababun / aasbaاbun
سَبِيلٌ \ سُبُلٌ,"Way, path",sabiylun / subulun
نِظَامٌ \ أَنْظِمَةٌ,System,nizaاmun / aanzimaahun
شَخْصِيَّةٌ \ شَخْصِيَّاتٌ,Personality,shakhsiyaaahun / shakhsiyaaاtun
مُجْتَمَعٌ \ مُجْتَمَعَاتٌ,Community; Society,mujtama‘un / mujtama‘aاtun
شَكْوَى \ شَكَاوَى,Complaint,shakwaā / shakaاwaā
فَرْدٌ \ أَفْرَادٌ,"Individual, person",fardun / aafraاdun
هَاتِفٌ \ هَوَاتِفُ,Phone,haاtifun / hawaاtifu
عَلَاقَةٌ \ عَلَاقَاتٌ,"Relationship, connection",‘alaاqaahun / ‘alaاqaاtun
عَنِيدٌ \ عُنُدٌ,Stubborn,‘aniydun / ‘unudun
نَائِمٌ \ نِيَامٌ,Sleeping,naاiimun / niyaاmun
نَاحِيَةٌ \ نَوَاحٍ,"Point of view, way, angle, aspect",naاhiyaahun / nawaاhin
ضَرُورَةٌ \ ضَرُورَاتٌ,Necessity,daruwraahun / daruwraاtun
مُؤَدَّبٌ \ مُؤَدَّبُونَ,"Polite, respectful, mannered",muuadaabun / muuadaabuwna
مُطِيعٌ \ مُطِيعُونَ,Obedient,mutiy‘un / mutiy‘uwna
مُهْمِلُ \ مُهْمِلُونَ,"Careless, negligent",muhmilu / muhmiluwna
"رَحَلَ \ يَرْحَلُ \ اِرْحَلْ \ رِحْلَةٌ , رَحِيلٌ","To leave, depart","rahala / yarhalu / اirhal / rihlaahun , rahiylun"
مَاتَ \ يَمُوتُ \ مُتْ \ مَوْتٌ,To die,maاta / yamuwtu / mut / mawtun
خَافَ \ يَخَافُ \ خِفْ \ خَوْفٌ,To fear,khaاfa / yakhaاfu / khif / khawfun
وَاجَهَ \ يُوَاجِهُ \ وَاجِهْ \ مُوَاجَهَةٌ,"To face, encounter",waاjaha / yuwaاjihu / waاjih / muwaاjahaahun
اِزْدَادَ \ يَزْدَادُ \ اِزْدَدْ \ اِزْدِيَادٌ,"To grow, increase",اizdaاda / yazdaاdu / اizdad / اizdiyaاdun
هَاجَرَ \ يُهَاجِرُ \ هَاجِرْ \ مُهَاجَرَةٌ,"To move away, migrate",haاjara / yuhaاjiru / haاjir / muhaاjaraahun
أَدْرَكَ \ يُدْرِكُ \ أَدْرِكْ \ إِدْرَاكٌ,To understand,aadraka / yudriku / aadrik / إidraاkun
بَنَى \ يَبْنِي \ اِبْنِ \ بِنَاءٌ,To build,banaā / yabniy / اibni / binaا’un
رَجَعَ \ يَرْجِعُ \ اِرْجِعْ \ رُجُوعٌ,To return,raja‘a / yarji‘u / اirji‘ / rujuw‘un
بَلَغَ \ يَبْلُغُ \ اُبْلُغْ \ بُلُوغٌ,To reach,balagha / yablughu / اublugh / buluwghun
وَقَعَ \ يَقَعُ \ قَعْ \ وُقُوعٌ,"To be located, to occur",waqa‘a / yaqa‘u / qa‘ / wuquw‘un
اِتَّجَهَ \ يَتَّجِهُ \ اِتَّجِهْ \ اِتِّجَاهٌ,To head towards,اitaajaha / yataajihu / اitaajih / اitiijaاhun
اِنْعَطَفَ \ يَنْعَطِفُ \ اِنْعَطِفْ \ اِنْعِطَافٌ,To be turned,اin‘atafa / yan‘atifu / اin‘atif / اin‘itaاfun
اِسْتَمَرَّ \ يَسْتَمِرُّ \ اِسْتَمِرَّ \ اِسْتِمْرَارٌ,To continue,اistamaraa / yastamiruu / اistamiraa / اistimraاrun
كَثُرَ \ يَكْثُرُ \ اُكْثُرْ \ كَثْرَةٌ,To be numerous,kathura / yakthuru / اukthur / kathraahun
أَنْشَأَ \ يُنْشِئُ \ أَنْشِئْ \ إِنْشَاءٌ,To establish; To create,aanshaaa / yunshiiu / aanshii / إinshaا’un
اِشْتَهَرَ \ يَشْتَهِرُ \ اِشْتَهِرْ \ اِشْتِهَارٌ,To be famous,اishtahara / yashtahiru / اishtahir / اishtihaاrun
زَرْعٌ \ زُرُوعٌ,Crop,zar‘un / zuruw‘un
جَرِيمَةٌ \ جَرَائِمُ,Crime,jariymaahun / jaraاiimu
"حَادِثَةٌ \ حَادِثَاتٌ , حَوَادِثُ",Accident,"haاdithaahun / haاdithaاtun , hawaاdithu"
مَصْنَعٌ \ مَصَانِعُ,Factory,masna‘un / masaاni‘u
جَارٌ \ جِيرَانٌ,Neighbour,jaاrun / jiyraاnun
رِيفٌ \ أَرْيَافٌ,"Countryside, rural area",riyfun / aaryaاfun
دَوْلَةٌ \ دُوَلُ,Country,dawlaahun / duwalu
مِلْيُونَ \ مَلَايِينَ,Million,milyuwna / malaاyiyna
قَرْنٌ \ قُرُونٌ,"Century, horn",qarnun / quruwnun
مِلْيَارٌ \ مِلْيَارَاتٌ,Billion,milyaاrun / milyaاraاtun
نِسْبَةٌ \ نِسَبٌ,Percentage,nisbaahun / nisabun
شَارِعٌ \ شَوَارِعٌ,Street,shaاri‘un / shawaاri‘un
"دَوَّارٌ \ دَوَاوِيرُ , دَوَّارَاتٌ",Roundabout,"dawaaاrun / dawaاwiyru , dawaaاraاtun"
مَصْرِفٌ \ مَصَارِفُ,Bank,masrifun / masaاrifu
صَيْدَلِيَّةٌ \ صَيْدَلِيَّاتٌ,Pharmacy,saydaliyaaahun / saydaliyaaاtun
عِمَارَةٌ \ عِمَارَاتٌ,Building,‘imaاraahun / ‘imaاraاtun
"زَاوِيَةٌ \ زَاوِيَاتٌ , زَوَايَا",Corner,"zaاwiyaahun / zaاwiyaاtun , zawaاyaا"
مُخَدِّرٌ \ مُخَدِّرَاتٌ,Drug,mukhadiirun / mukhadiiraاtun
"سَائِقٌ \ سُوَّاقٌ , سَائِقُونَ",Driver,"saاiiqun / suwaaاqun , saاiiquwna"
أَثَرٌ \ آثَارٌ,Ancient monument,aatharun / āthaاrun
مِئْذَنَةٌ \ مَآذِنُ,Minaret,miidhanaahun / maādhinu
أُمَّةٌ \ أُمَمٌ,Nation,aumaaahun / aumamun
عِلْمٌ \ عُلُومٌ,Science,‘ilmun / ‘uluwmun
مَقَرٌّ \ مَقَرَّاتٌ,Location,maqarunun / maqaraaاtun
وِلَايَةٌ \ وِلَايَاتٌ,State,wilaاyaahun / wilaاyaاtun
زَلْزَلَةٌ \ زَلْزَلَاتٌ,Earthquake,zalzalaahun / zalzalaاtun
قَدَّمَ \ يُقَدِّمُ \ قَدِّمْ \ تَقْدِيمٌ,"To submit, to offer",qadaama / yuqadiimu / qadiim / taqdiymun
قَبِلَ \ يَقْبَلُ \ اِقْبَلْ \ قُبُولٌ,To accept,qabila / yaqbalu / اiqbal / qubuwlun
رَغِبَ (فِي) \ يَرْغَبُ \ اِرْغَبْ \ رَغْبَةٌ,"To wish for, want",raghiba (fiy) / yarghabu / اirghab / raghbaahun
اِلْتَحَقَ (بِ) \ يَلْتَحِقُ \ اِلْتَحِقْ \ اِلْتِحَاقٌ,To join,اiltahaqa (bi) / yaltahiqu / اiltahiq / اiltihaاqun
وَافَقَ \ يُوَافِقُ \ وَافِقْ \ مُوَافَقَةٌ \ وِفَاقٌ,To agree,waاfaqa / yuwaاfiqu / waاfiq / muwaاfaqaahun / wifaاqun
وَفَّقَ \ يُوَفِّقُ \ وَفِّقْ \ تَوْفِيقٌ,To grant success,wafaaqa / yuwafiiqu / wafiiq / tawfiyqun
اِنْتَشَرَ \ يَنْتَشِرُ \ اِنْتَشِرْ \ اِنْتِشَارٌ,To be widespread,اintashara / yantashiru / اintashir / اintishaاrun
شَاعَ \ يَشِيعُ \ شِعْ \ شُيُوعٌ,"To circulate, be widespread",shaا‘a / yashiy‘u / shi‘ / shuyuw‘un
تَعِبَ \ يَتْعَبُ \ اِتْعَبْ \ تَعَبٌ,To be exhausted,ta‘iba / yat‘abu / اit‘ab / ta‘abun
رَكِبَ \ يَرْكَبُ \ اِرْكَبْ \ رُكُوبٌ,"To mount, ride",rakiba / yarkabu / اirkab / rukuwbun
تَأَخَّرَ \ يَتَأَخَّرُ \ تَأَخَّرْ \ تَأَخُّرٌ,"To fall behind, delay",taaakhaara / yataaakhaaru / taaakhaar / taaakhuurun
تَرْجَمَ \ يُتَرْجِمُ \ تَرْجِمْ \ تَرْجَمَةٌ,To translate,tarjama / yutarjimu / tarjim / tarjamaahun
تَأَثَّرَ \ يَتَأَثَّرُ \ تَأَثَّرْ \ تَأَثُّرٌ,To be affected,taaathaara / yataaathaaru / taaathaar / taaathuurun
أَنْهَى \ يُنْهِي \ أَنْهِ \ إِنْهَاءٌ,To finish,aanhaā / yunhiy / aanhi / إinhaا’un
تَكَوَّنَ \ يَتَكَوَّنُ \ تَكَوَّنْ \ تَكَوُّنٌ,To consist of; <br>To form,takawaana / yatakawaanu / takawaan / takawuunun
تَرَاوَحَ \ يَتَرَاوَحُ \ تَرَاوَحْ \ تَرَاوُحٌ,To range (between),taraاwaha / yataraاwahu / taraاwah / taraاwuhun
حَصَلَ (عَلَى) \ يَحْصُلُ \ اُحْصُلْ \ حُصُولٌ,To attain,hasala (‘alaā) / yahsulu / اuhsul / husuwlun
أَشْرَفَ \ يُشْرِفُ \ أَشْرِفْ \ إِشْرَافٌ,"To supervise, run",aashrafa / yushrifu / aashrif / إishraاfun
وَفَّرَ \ يُوَفِّرُ \ وَفِّرْ \ تَوْفِيرٌ,To provide,wafaara / yuwafiiru / wafiir / tawfiyrun
أَجْرٌ \ أُجُورٌ,"Reward, wage",aajrun / aujuwrun
عَالِمٌ \ عُلَمَاءُ,Scholar,‘aاlimun / ‘ulamaا’u
عُمْرٌ \ أَعْمَارٌ,Age,‘umrun / aa‘maاrun
"وَرَقَةٌ \ وَرَق , أَوْرَاقٌ",Paper,"waraqaahun / waraq , aawraاqun"
تَعْلِيمٌ \ تَعَالِيمُ,Education,ta‘liymun / ta‘aاliymu
تِلْمِيذٌ \ تَلَامِيذُ,"Student, pupil",tilmiydhun / talaاmiydhu
حَضَارَةٌ \ حَضَارَاتٌ,Civilization,hadaاraahun / hadaاraاtun
حَضَانَةٌ \ حَضَانَاتٌ,"Nursery, kindergarten",hadaاnaahun / hadaاnaاtun
تَقْدَيرٌ \ تَقْدَيرَاتٌ,Grade,taqdayrun / taqdayraاtun
حَلَقَةٌ \ حَلَقَاتٌ,Study circle,halaqaahun / halaqaاtun
"رَوْضَةٌ \ رِيَاض , رَوْضَاتٌ",Pre-school,"rawdaahun / riyaاd , rawdaاtun"
سِنٌّ \ سُنُونٌ,Age,sinunun / sunuwnun
فَتْرَةٌ \ فَتَرَاتٌ,"Span (of time), stage",fatraahun / fataraاtun
عَمِيدٌ \ عُمَدَاءُ,"Head, dean",‘amiydun / ‘umadaا’u
مَعْهَدٌ \ مَعَاهِدُ,Institute,ma‘hadun / ma‘aاhidu
فُرْصَةٌ \ فُرَصٌ,"Opportunity, holiday",fursaahun / furasun
شَاهَدَةٌ \ شَاهَدَاتٌ,"Certificate, degree, declaration, testimony",shaاhadaahun / shaاhadaاtun
تَفَاءَلَ \ يَتَفَاءَلُ \ تَفَاءَلْ \ تَفَاؤُلٌ,To be optimistic,tafaا’ala / yatafaا’alu / tafaا’al / tafaاuulun
تَخَرَّجَ \ يَتَخَرَّجُ \ تَخَرَّجْ \ تَخَرُّجٌ,To graduate,takharaaja / yatakharaaju / takharaaj / takharuujun
عَمَّ \ يَعُمُّ \ عُمَّ \ عُمُومٌ,"To be prevalent, widespread",‘amaa / ya‘umuu / ‘umaa / ‘umuwmun
وَجَبَ \ يَجِبُ \ جِبْ \ وُجُوبٌ,To be obligatory,wajaba / yajibu / jib / wujuwbun
رَبَّى \ يُرَبِّي \ رَبِّ \ تَرْبِيَةٌ,"To raise, nurture",rabaaā / yurabiiy / rabii / tarbiyaahun
صَحَّ \ يَصِحُّ \ صِحَّ \ صِحَّةٌ,To be correct,sahaa / yasihuu / sihaa / sihaaahun
أَدَارَ \ يُدِيرُ \ أَدِرْ \ إِدَارَةٌ,To manage,aadaاra / yudiyru / aadir / إidaاraahun
أَفْسَدَ \ يُفِسِدُ \ أَفْسِدْ \ إفْسَادٌ,"To corrupt, spoil",aafsada / yufisidu / aafsid / إfsaاdun
أَصْلَحَ \ يُصْلِحُ \ أَصْلِحْ \ إصْلَاحٌ,To rectify,aaslaha / yuslihu / aaslih / إslaاhun
أَدَّى \ يُؤَدِّي \ أَدِّ \ تَأْدِيَةٌ,"To lead to, to carry out",aadaaā / yuuadiiy / aadii / taadiyaahun
تَفَكَّكَ \ يَتَفَكَّكُ \ تَفَكَّكْ \ تَفَكُّكٌ,To break up,tafakaaka / yatafakaaku / tafakaak / tafakuukun
ضَاعَ \ يَضِيعُ \ ضِعْ \ ضِيَاعٌ,"To be squandered, to be wasted, to be lost",daا‘a / yadiy‘u / di‘ / diyaا‘un
حَفِظَ \ يَحْفَظُ \ اِحْفَظْ \ حِفْظٌ,"To preserve, save",hafiza / yahfazu / اihfaz / hifzun
أَبْعَدَ \ يُبْعِدُ \ أَعْبِدْ \ إبْعَادٌ,"To guard against, to distance",aab‘ada / yub‘idu / aa‘bid / إb‘aاdun
خَالَطَ \ يُخَالِطُ \ خَالِطْ \ مُخَالَطَةٌ,To mix with,khaاlata / yukhaاlitu / khaاlit / mukhaاlataahun
اِغْتَرَبَ \ يَغْتَرِبُ \ اِغْتَرِبْ \ اِغْتِرَابٌ,"To migrate, go to a foreign country",اightaraba / yaghtaribu / اightarib / اightiraاbun
صَحِبَ \ يَصْحَبُ \ اِصْحَبْ \ صُحْبَةٌ,"To take along, to be a friend",sahiba / yashabu / اishab / suhbaahun
حَافَظَ \ يُحَافِظُ \ حَافِظ \ مُحَافَظَةٌ,"To preserve, to guard",haاfaza / yuhaاfizu / haاfiz / muhaاfazaahun
نَظَّفَ \ يُنَظِّفُ \ نَظِّفْ \ تَنْظِيفٌ,To clean,nazaafa / yunaziifu / naziif / tanziyfun
اِعْتَمَدَ \ يَعْتَمِدُ \ اِعْتَمِدْ \ اِعْتِمَادٌ,To rely/depend on,اi‘tamada / ya‘tamidu / اi‘tamid / اi‘timaاdun
تَسَوَّلَ \ يَتَسَوَّلُ \ تَسَوَّلْ \ تَسَوُّلٌ,To beg,tasawaala / yatasawaalu / tasawaal / tasawuulun
اِحْتَطَبَ \ يَحْتَطِبُ \ اِحْتَطِبْ \ اِحْتِطَابٌ,To gather firewood,اihtataba / yahtatibu / اihtatib / اihtitaاbun
تَصَدَّقَ \ يَتَصَدَّقُ \ تَصَدَّقْ \ تَصَدُّقٌ,To give charity,tasadaaqa / yatasadaaqu / tasadaaq / tasaduuqun
تَطَهَّرَ \ يَتَطَهَّرُ \ تَطَهَّرْ \ تَطَهُّرٌ,To purify (oneself),tatahaara / yatatahaaru / tatahaar / tatahuurun
سَلَّمَ \ يُسَلِّمُ \ سَلِّمْ \ تَسْلِيمٌ,"To give, submit, hand over",salaama / yusaliimu / saliim / tasliymun
أَمْسَكَ \ يُمْسِكُ \ أَمْسِكْ \ إِمْسَاكٌ,To hold,aamsaka / yumsiku / aamsik / إimsaاkun
دَفَعَ \ يَدْفَعُ \ اِدْفَعْ \ دَفْعٌ,"To pay, to push",dafa‘a / yadfa‘u / اidfa‘ / daf‘un
مَنَعَ \ يَمْنَعُ \ اِمْنَعْ \ مَنْعٌ,"To prevent, refuse",mana‘a / yamna‘u / اimna‘ / man‘un
أَعْرَابِيٌّ \ أَعْرَابٌ,Bedouin,aa‘raاbiyunun / aa‘raاbun
صَاحِبٌ \ أَصْحَابٌ,Companion,saاhibun / aashaاbun
حُكُومَةٌ \ حُكُومَاتٌ,Government,hukuwmaahun / hukuwmaاtun
خَادِمَةٌ \ خَادِمَاتٌ,Housemaid,khaاdimaahun / khaاdimaاtun
خِبْرَةٌ \ خِبْرَاتٌ,Experience,khibraahun / khibraاtun
رَاتِبٌ \ رَوَاتِبُ,"Wage, salary",raاtibun / rawaاtibu
سَالِمٌ \ سَالِمُونَ,"Healthy, safe, sound",saاlimun / saاlimuwna
"نِعْمَةٌ \ نِعَمٌ , أَنْعُمٌ",Blessing,"ni‘maahun / ni‘amun , aan‘umun"
مُقَابَلَةٌ \ مُقَابَلَاتٌ,Interview,muqaاbalaahun / muqaاbalaاtun
شَرْطٌ \ شُرُوطٌ,Condition,shartun / shuruwtun
وَطَنٌ \ أَوْطَانٌ,(Home)country,watanun / aawtaاnun
مُسَاعَدَةٌ \ مُسَاعَدَاتٌ,Help,musaا‘adaahun / musaا‘adaاtun
مَجَالٌ \ مَجَالَاتٌ,"Sector, field",majaاlun / majaاlaاtun
مُتَفَائِلٌ \ مُتَفَائِلُونَ,Optimistic,mutafaاiilun / mutafaاiiluwna
مُدَّةٌ \ مُدَدٌ,"Time, duration",mudaaahun / mudadun
مُخْتَلِفَةٌ \ مُخْتَلِفَاتٌ,Different,mukhtalifaahun / mukhtalifaاtun
وَظِيفَةٌ \ وَظَائِفُ,"Profession, job, function",waziyfaahun / wazaاiifu
اِتَّصَلَ (بِ) \ يَتَّصِلُ \ اِتَّصِلْ \ اِتِّصَالٌ,"To connect, call",اitaasala (bi) / yataasilu / اitaasil / اitiisaاlun
أَثَّرَ \ يُؤَثِّرُ \ أَثِّرْ \ تَأْثِيرٌ,To affect,aathaara / yuuathiiru / aathiir / taathiyrun
اِزْدَهَرَ \ يَزْدَهِرُ \ اِزْدَهِرْ \ اِزْدِهَارٌ,"To flourish, thrive",اizdahara / yazdahiru / اizdahir / اizdihaاrun
اِسْتَعْمَرَ \ يَسْتَعْمِرُ \ اِسْتَعْمِرْ \ اِسْتِعْمَارٌ,To colonize,اista‘mara / yasta‘miru / اista‘mir / اisti‘maاrun
أَقْرَضَ \ يُقْرِضُ \ أَقْرِضْ \ إِقْرَاضٌ,To loan,aaqrada / yuqridu / aaqrid / إiqraاdun
تَعَلَّمَ \ يَتَعَلَّمُ \ تَعَلَّمْ \ تَعَلُّمٌ,To learn,ta‘alaama / yata‘alaamu / ta‘alaam / ta‘aluumun
جَاءَ \ يَجِيءُ \ جِئْ \ مَجِيءٌ,To come,jaا’a / yajiy’u / jii / majiy’un
حَارَبَ \ يُحَارِبُ \ حَارِبْ \ مُحَارَبَةٌ,To fight against,haاraba / yuhaاribu / haاrib / muhaاrabaahun
شَجَّعَ \ يُشَجِّعُ \ شَجِّعْ \ تَشْجِيعٌ,"To encourage, promote",shajaa‘a / yushajii‘u / shajii‘ / tashjiy‘un
نَشَأَ \ يَنْشَأُ \ اِنْشَأْ \ نَشْأَةٌ,To originate from,nashaaa / yanshaau / اinshaa / nashaaahun
نَطَقَ \ يَنْطِقُ \ اِنْطِقْ \ نُطْقٌ,To pronounce,nataqa / yantiqu / اintiq / nutqun
هَجَرَ \ يَهْجُرُ \ اُهْجُرْ \ هِجْرَةٌ,To abandon,hajara / yahjuru / اuhjur / hijraahun
تَحَدَّثَ \ تَحَدَّثُ \ تَحَدَّثْ \ تَحَدُّثٌ,To speak,tahadaatha / tahadaathu / tahadaath / tahaduuthun
أَلَّفَ \ يُؤَلِّفُ \ أَلِّفْ \ تَأْلِيفٌ,To author,aalaafa / yuualiifu / aaliif / taaliyfun
أَنْزَلَ \ يُنْزِلُ \ أَنْزِلْ \ إِنْزَالٌ,To bring down,aanzala / yunzilu / aanzil / إinzaاlun
إِذَاعَةٌ \ إِذَاعَاتٌ,Radio,إidhaا‘aahun / إidhaا‘aاtun
أَسَاسٌ \ أُسُسٌ,Foundation,aasaاsun / aususun
مَعْنَى \ مَعَانٍ,Meaning,ma‘naā / ma‘aاnin
لَفْظٌ \ أَلْفَاظٌ,Word,lafzun / aalfaاzun
قَبِيلَةٌ \ قَبَائِلُ,Tribe,qabiylaahun / qabaاiilu
صَوْتِيَّةٌ \ صَوْتِيَّاتٌ,Recording,sawtiyaaahun / sawtiyaaاtun
تَرْجَمَةٌ \ تَرَاجِمُ,Translation,tarjamaahun / taraاjimu
تَفْسِيرٌ \ تَفَاسِيرُ,Tafseer (exegesis),tafsiyrun / tafaاsiyru
جُزْءٌ \ أَجْزَاءُ,"Portion, part",juz’un / aajzaا’u
"جَزِيرَةٌ \ جَزَائِرُ , جُزُرٌ",Peninsula (or island),"jaziyraahun / jazaاiiru , juzurun"
حَرْفٌ \ حُرُوفٌ,Letter,harfun / huruwfun
عَصْرٌ \ عُصُورٌ,"Time, era",‘asrun / ‘usuwrun
لَهْجَةٌ \ لَهْجَاتٌ,"Dialect, accent",lahjaahun / lahjaاtun
اِجْتَمَعَ \ يَجْتَمِعُ \ اِجْتَمِعْ \ اِجْتِمَاعٌ,To meet,اijtama‘a / yajtami‘u / اijtami‘ / اijtimaا‘un
أَعْلَنَ \ يُعْلِنُ \ أَعْلِنْ \ إِعْلَانٌ,To announce,aa‘lana / yu‘linu / aa‘lin / إi‘laاnun
اِنْقَسَمَ \ يَنْقَسِمُ \ اِنْقَسِمْ \ اِنْقِسَامٌ,"To be split, divided",اinqasama / yanqasimu / اinqasim / اinqisaاmun
جَمَعَ \ يَجْمَعُ \ اِجْمَعْ \ جَمْعٌ,"To collect, gather",jama‘a / yajma‘u / اijma‘ / jam‘un
خَدَمَ \ يَخْدُمُ \ اُخْدُمْ \ جِدْمَةٌ,To serve,khadama / yakhdumu / اukhdum / jidmaahun
رَفَعَ \ يَرْفَعُ \ اِرْفَعْ \ رَفْعٌ,To raise,rafa‘a / yarfa‘u / اirfa‘ / raf‘un
عَفَا (عَنْ) \ يَعْفُو \ اُعْفُ \ عَفْوٌ,To forgive,‘afaا (‘an) / ya‘fuw / اu‘fu / ‘afwun
شَارِكَ \ يُشَارِكُ \ شَارِكْ \ مُشَارَكَةٌ,To participate,shaاrika / yushaاriku / shaاrik / mushaاrakaahun
سَابَقَ \ يُسَابِقُ \ سَابِقْ \ مُسَابَقَةٌ,To compete (with one another),saاbaqa / yusaاbiqu / saاbiq / musaاbaqaahun
نَافَسَ \ يُنَافِسُ \ نَافِسْ \ مُنَافَسَةٌ,To compete,naاfasa / yunaاfisu / naاfis / munaاfasaahun
كَافَأَ \ يُكَافِئُ \ كَافِئْ \ مُكَافَأَةٌ,To reward,kaاfaaa / yukaاfiiu / kaاfii / mukaاfaaaahun
مَنَحَ \ يَمْنَحُ \ اِمْنَحْ \ مِنْحَةٌ,To award (to),manaha / yamnahu / اimnah / minhaahun
نَالَ \ يَنَالَ \ نَلْ \ نَيْلٌ,"To win, accomplish",naاla / yanaاla / nal / naylun
مُكَافَأَةٌ \ مُكَافَآتٌ,"Prize, reward",mukaاfaaaahun / mukaاfaātun
اِخْتِيَارٌ \ اِخْتِيَارَاتٌ,Choice,اikhtiyaاrun / اikhtiyaاraاtun
مَوْلُودٌ \ مَوَالِيدُ,Newborn baby,mawluwdun / mawaاliydu
خِدْمَةٌ \ خِدْمَاتٌ,Service,khidmaahun / khidmaاtun
بِطَاقَةٌ \ بِطَاقَاتٌ,Card,bitaاqaahun / bitaاqaاtun
نَحْوٌ \ أَنْحَاءٌ,"Direction, example",nahwun / aanhaا’un
دِرْعٌ \ دُرُوعٌ,Shield; Armor,dir‘un / duruw‘un
دُعَاءٌ \ أَدْعِيَةٌ,Supplication,du‘aا’un / aad‘iyaahun
صِفَةٌ \ صِفَاتٌ,Characteristic,sifaahun / sifaاtun
قِيمَةٌ \ قِيَمٌ,Value,qiymaahun / qiyamun
لَجْنَةٌ \ لِجَانٌ,Committee,lajnaahun / lijaاnun
مُبْدِعٌ \ مُبْدِعُونَ,Creative,mubdi‘un / mubdi‘uwna
مُبْلَغٌ \ مَبَالِغُ,Sum,mublaghun / mabaاlighu
مَحْبُوبٌ \ مَحْبُوبُونَ,Beloved,mahbuwbun / mahbuwbuwna
مُسَابَقَةٌ \ مُسَابَقَاتٌ,Competition,musaاbaqaahun / musaاbaqaاtun
مَشْهُورٌ \ مَشَاهِيرُ,Famous,mashhuwrun / mashaاhiyru
مَعْلُومَةٌ \ مَعْلُومَاتٌ,"Information, knowledge",ma‘luwmaahun / ma‘luwmaاtun
هَيْئَةٌ \ هَيْئَاتٌ,"Panel, committee;<br>Manner",hayiaahun / hayiaاtun
مُنَافَسَةٌ \ مُنَافَسَاتٌ,Competition,munaاfasaahun / munaاfasaاtun
اِتَّفَقَ \ يَتَّفِقُ \ اِتَّفِقْ \ اِتِّفَاقٌ,To agree,اitaafaqa / yataafiqu / اitaafiq / اitiifaاqun
أَرْسَلَ \ يُرْسِلُ \ أَرْسِلْ \ إِرْسَالٌ,To send,aarsala / yursilu / aarsil / إirsaاlun
اِنْطَلَقَ \ يَنْطَلِقُ \ اِنْطَلِقْ \ اِنْطِلَاقٌ,To depart,اintalaqa / yantaliqu / اintaliq / اintilaاqun
بَعَثَ \ يَبْعَثُ \ اِبْعَثْ \ بَعْثٌ,To send,ba‘atha / yab‘athu / اib‘ath / ba‘thun
تَجَوَّلَ \ يَتَجَوَّلُ \ تَجَوَّلْ \ تَجَوُّلٌ,"To wander, explore",tajawaala / yatajawaalu / tajawaal / tajawuulun
تَقَاتَلَ \ يَتَقَاتَلُ \ تَقَاتَلْ \ تَقَاتُلٌ,To kill one another,taqaاtala / yataqaاtalu / taqaاtal / taqaاtulun
جَعَلَ \ يَجْعَلُ \ اِجْعَلْ \ جَعْلٌ,To make,ja‘ala / yaj‘alu / اij‘al / ja‘lun
رَفَضَ \ يَرْفَضُ \ اُرْفُضْ \ رَفْضٌ,To reject,rafada / yarfadu / اurfud / rafdun
صَنَعَ \ يَصْنَعُ \ اِصْنَعْ \ صُنْعٌ \ صِنَاعَةٌ,To make/produce,sana‘a / yasna‘u / اisna‘ / sun‘un / sinaا‘aahun
طَارَ \ يَطِيرُ \ طِرْ \ طَيَرَانٌ,To fly&nbsp;,taاra / yatiyru / tir / tayaraاnun
فَرَضَ \ يَفْرِضُ \ اِفْرِضْ \ فَرْضٌ,"To compel, force",farada / yafridu / اifrid / fardun
مَلَكَ \ يَمْلِكُ \ اِمْلِكْ \ مِلْكٌ \ مُلْكٌ,To own,malaka / yamliku / اimlik / milkun / mulkun
رَبَطَ \ يَرْبِطُ \ اِرْبِطْ \ رَبْطٌ,To tie,rabata / yarbitu / اirbit / rabtun
خَبَرٌ \ أَخْبَارٌ,News,khabarun / aakhbaاrun
جَانِبٌ \ جَوَانِبٌ,"Side, part",jaاnibun / jawaاnibun
حُجَّةٌ \ حُجَجٌ,"Evidence, proof",hujaaahun / hujajun
حِمَارٌ \ حَمِيرٌ,Donkey,himaاrun / hamiyrun
حَيَوَانٌ \ حَيَوَانَاتٌ,Animal,hayawaاnun / hayawaاnaاtun
صَوْتٌ \ أَصْوَاتٌ,"Voice, sound",sawtun / aaswaاtun
عَرَبَةٌ \ عَرَبَاتٌ,"Carriage, wagon",‘arabaahun / ‘arabaاtun
فَائِدَةٌ \ فَوَائِدُ,Benefit,faاiidaahun / fawaاiidu
قَارَّةٌ \ قَارَّاتٌ,Continent,qaاraaahun / qaاraaاtun
نَدْوَةٌ \ نَدَوَاتٌ,"Conference; Council, association",nadwaahun / nadawaاtun
رِسَالَةٌ \ رَسَائِلُ \ رِسَالَاتٌ,Message,risaاlaahun / rasaاiilu / risaاlaاtun
شَبَكَةٌ \ شَبَكَاتٌ,"Web, net",shabakaahun / shabakaاtun
عَجَلَةٌ \ عَجَلَاتٌ,Wheel,‘ajalaahun / ‘ajalaاtun
سَفِينَةٌ \ سُفُنٌ,"Boat, ship, vessel",safiynaahun / sufunun
سَاكِنٌ \ سُكَّانٌ,"Resident, inhabitant; Calm",saاkinun / sukaaاnun
أَزَالَ \ يُزِيلُ \ أَزِلْ \ إِزَالَةٌ,"To remove, to stop",aazaاla / yuziylu / aazil / إizaاlaahun
اِسْتَعْمَلَ \ يَنْتَعْمِلُ \ اِسْتَعْمِلْ \ اِسْتِعْمَالٌ,To use,اista‘mala / yanta‘milu / اista‘mil / اisti‘maاlun
اِغْتَسَلَ \ يَغْتَسِلُ \ اِغْتَسِلْ \ اِغْتِسَالٌ,To shower,اightasala / yaghtasilu / اightasil / اightisaاlun
أَنْفَقَ \ يُنْفِقُ \ أَنْفِقْ \ إِنْفَاقٌ,To spend,aanfaqa / yunfiqu / aanfiq / إinfaاqun
تَسَمَّمَ \ يَتَسَمَّمُ \ تَسَمَّمْ \ تَسَمُّمٌ,To be poisoned,tasamaama / yatasamaamu / tasamaam / tasamuumun
تَكَرَّرَ \ يَتَكَرَّرُ \ تَكَرَّرْ \ تَكَرُّرٌ,To repeat,takaraara / yatakaraaru / takaraar / takaruurun
جَابَ \ يَجُوبُ \ جُبْ \ جَوَبَانٌ,"To explore, go about",jaاba / yajuwbu / jub / jawabaاnun
حَثَّ (عَلَى) \ يَحُثُّ \ حُثَّ \ حَثٌّ,"To incite, encourage",hathaa (‘alaā) / yahuthuu / huthaa / hathunun
حَرَقَ \ يَحْرِقُ \ اِحْرِقْ \ حَرْقٌ,To burn,haraqa / yahriqu / اihriq / harqun
قَاسَ \&nbsp; يَقِيسُ \ قِسْ \ قِيَاسٌ,To measure,qaاsa / &nbsp; yaqiysu / qis / qiyaاsun
لَاحَظَ \ يُلَاحِظُ \ لَاحِظْ \ مُلَاحَظَةٌ,To notice,laاhaza / yulaاhizu / laاhiz / mulaاhazaahun
مَسَحَ \ يَمْسِحُ \ اِمْسَحْ \ مَسْحٌ,To wipe,masaha / yamsihu / اimsah / mashun
اِكْتَفَى \ يَكْتَفِي \ اِكْتَفِ \ إِكْتِفَاءٌ,"To be content with, to settle for",اiktafaā / yaktafiy / اiktafi / إiktifaا’un
أَضَافَ \ يُضِيفُ \ أَضِفْ \ إِضَافَةٌ,To add,aadaاfa / yudiyfu / aadif / إidaاfaahun
كُوبٌ \ أَكْوَابٌ,"Cup, (drinking)Glass",kuwbun / aakwaاbun
وَسَخٌ \ أَوْسَاخٌ,Impurity,wasakhun / aawsaاkhun
بِيئَةٌ \ بِيئَاتٌ,"Enviroment, surroundings",biyiaahun / biyiaاtun
جَسَدٌ \ أَجْسَادٌ,Body,jasadun / aajsaاdun
حَاوِيَةٌ \ حَاوِيَاتٌ,Container,haاwiyaahun / haاwiyaاtun
"حَيْضَةٌ \ حَيْضٌ , حِيَضٌ , حَيْضَاتٌ","Menstruation, period","haydaahun / haydun , hiyadun , haydaاtun"
عِطْرٌ \ عُطُورٌ,Perfume,‘itrun / ‘utuwrun
"عَامِلٌ \ عُمَّالٌ , عَامِلُونَ",Worker,"‘aاmilun / ‘umaaاlun , ‘aاmiluwna"
مُوَاطِنٌ \ مُوَاطِنُونَ,Citizen,muwaاtinun / muwaاtinuwna
"وَجْهٌ \ وُجُوهٌ , أَوْجُهٌ",Face,"wajhun / wujuwhun , aawjuhun"
مِرْفَقٌ \ مَرَافِقُ,Elbow,mirfaqun / maraاfiqu
"يَدٌ \ أَيْدٍ , أَيَادٍ",Hand,"yadun / aaydin , aayaاdin"
"كَعْبٌ \ أَكْعُبٌ , كِعَابٌ , كُعُوبٌ",Ankle,"ka‘bun / aak‘ubun , ki‘aاbun , ku‘uwbun"
"رِجْلٌ \ أَرْجُلٌ , رُجُولٌ",Leg,"rijlun / aarjulun , rujuwlun"
مُتَحَضِّرٌ \ مُتَحَضِّرُونَ,Civilised,mutahadiirun / mutahadiiruwna
مُتَخَلِّفٌ \ مُتَخَلِّفُونَ,"Backward, underveloped",mutakhaliifun / mutakhaliifuwna
أَثْبَتَ \ يُثْبِتُ \ أُثْبِتْ \ إِثْبَاتٌ,"To prove, to verify",aathbata / yuthbitu / authbit / إithbaاtun
أَسْلَمَ \ يُسْلِمُ \ أَسْلِمْ \ إِسْلَامٌ,"To embrace Islaam, to submit",aaslama / yuslimu / aaslim / إislaاmun
أَعَارَ \ يُعِيرُ \ أَعِرْ \ إِعَارَةٌ,To lend,aa‘aاra / yu‘iyru / aa‘ir / إi‘aاraahun
اِنْقَادَ \ يَنْقَادُ \ اِنْقَدْ \ اِنْقِيَادٌ,"To submit, surrender",اinqaاda / yanqaاdu / اinqad / اinqiyaاdun
تَكَفَّلَ (بِ) \ يَتَكَفَّلُ \ تَكَفَّلْ \ تَكَفُّلٌ,To take upon oneself,takafaala (bi) / yatakafaalu / takafaal / takafuulun
"حَاسَبَ \ يُحَاسِبُ \ حَاسِبْ \ حِسَابٌ , مُحَاسَبَةٌ",To hold accountable,"haاsaba / yuhaاsibu / haاsib / hisaاbun , muhaاsabaahun"
رَحَّبَ (بِ) \ يُرَحِّبُ \ رَحِّبْ \ تَرْحِيبٌ,To welcome,rahaaba (bi) / yurahiibu / rahiib / tarhiybun
سَبَقَ \ يَسْبِقُ \ اِسْبِقْ \ سَبْقٌ,To precede,sabaqa / yasbiqu / اisbiq / sabqun
فَهِمَ \ يَفْهَمُ \ اِفْهَمْ \ فَهْمٌ,To understand,fahima / yafhamu / اifham / fahmun
ضَايَقَ \ يُضَايِقُ \ ضَايِقْ \ مُضَايَقَةٌ,"To annoy, irritate",daاyaqa / yudaاyiqu / daاyiq / mudaاyaqaahun
أَسْعَدَ \ يُسْعِدُ \ أَسْعِدْ \ إِسْعَادٌ,To bring happiness,aas‘ada / yus‘idu / aas‘id / إis‘aاdun
أَتَى \ يَأْتِي \ اِئِتِ \ إِتْيَانٌ,To come (bring with بِ),aataā / yaatiy / اiiiti / إityaاnun
فَسَدَ \ يَفْسُدُ \ اُفْسُدْ \ فَسَادٌ,To be corrupt(ed),fasada / yafsudu / اufsud / fasaاdun
صَلَحَ \ يَصْلُحُ \ اُصْلُحْ \ صَلَاحٌ,To be righteous,salaha / yasluhu / اusluh / salaاhun
أَخْرَجَ \ يُخْرِجُ \ أَخْرِجْ \ إِخْرَاجٌ,To take out,aakhraja / yukhriju / aakhrij / إikhraاjun
رُكْنٌ \ أَرْكَانٌ,Pillar,ruknun / aarkaاnun
أُمِيٌّ \ أُمِّيُّونَ,Illiterate,aumiyunun / aumiiyuuwna
عِرْقٌ \ أَعْرَاقٌ,"Descent, race",‘irqun / aa‘raاqun
حَقِيقَةٌ \ حَقَائِقُ,Fact,haqiyqaahun / haqaاiiqu
دَعْوَةٌ \ دَعَوَاتٌ,"Call, invitation",da‘waahun / da‘awaاtun
دَلِيلٌ \ أَدِلَّةٌ,Proof,daliylun / aadilaaahun
نَبِيُّ \ أَنْبِيَاءُ,Prophet,nabiyuu / aanbiyaا’u
رَغْبَةٌ \ رَغَبَاتٌ,Desire,raghbaahun / raghabaاtun
رَهْبَةٌ \ رَهَبَاتٌ,"Dread, fear",rahbaahun / rahabaاtun
زَمَانٌ \ أَزْمِنَةٌ,"Time, age, era",zamaاnun / aazminaahun
شَعْبٌ \ شُعُوبٌ,"Nation, people",sha‘bun / shu‘uwbun
شَمْسٌ \ شُمُوسٌ,Sun,shamsun / shumuwsun
"كَاتِبٌ \ كُتَّابٌ , كَاتِبُونَ , كَتَبَةٌ",Writer,"kaاtibun / kutaaاbun , kaاtibuwna , katabaahun"
شَهْوَةٌ \ شَهَوَاتٌ,"Ardent desire, lust",shahwaahun / shahawaاtun
صَالِحٌ \ صَالِحُونَ,"Suitable, righteous",saاlihun / saاlihuwna
"عَبْدٌ \ عِبَادٌ , عَبِيدٌ",Slave,"‘abdun / ‘ibaاdun , ‘abiydun"
عَمُودٌ \ أَعْمِدَةٌ,Pillar,‘amuwdun / aa‘midaahun
مُؤَرِّخٌ \ مُؤَرِّخُونَ,Historian,muuariikhun / muuariikhuwna
مُحَايِدُ \ مُحَايِدُونَ,Neutral,muhaاyidu / muhaاyiduwna
مُرْسَلٌ \ مُرْسَلُونَ,Messenger,mursalun / mursaluwna
مُعَادٍ \ مُعَادُونَ,Enemy,mu‘aاdin / mu‘aاduwna
"مِفْتَاحٌ \ مَفَاتِحُ , مَفَاتِيحُ",Key,"miftaاhun / mafaاtihu , mafaاtiyhu"
مَنْسَكٌ \ مَنَاسِكُ,Ritual,mansakun / manaاsiku
فَرْجٌ \ فُرُوجٌ,Private part,farjun / furuwjun
جِنِينٌ \ أَجِنَّةٌ,"Embryo, fetus",jiniynun / aajinaaahun
عَالَمٌ \ عَالَمُونَ,World,‘aاlamun / ‘aاlamuwna
عَرَبِيٌّ \ عَرَبٌ,Arab,‘arabiyunun / ‘arabun
"أَعْجَمِيٌّ \ أَعْجَمِيُّونَ , أَعَاجِمُ",Non-Arab,"aa‘jamiyunun / aa‘jamiyuuwna , aa‘aاjimu"
رَبٌّ \ أَرْبَابٌ,Lord,rabunun / aarbaاbun
اِحْتَرَمَ \ يَحْتَرِمُ \ اِحْتَرِمْ \ اِحْتِرَامٌ,To respect,اihtarama / yahtarimu / اihtarim / اihtiraاmun
أَخْبَرَ \ يُخْبِرُ \ أَخْبِرْ \ إِخْبَارٌ,To inform,aakhbara / yukhbiru / aakhbir / إikhbaاrun
خَالَفَ \ يُخَالِفُ \ خَالِفْ \ مُخَالَفَةٌ,"To be different from, be contrary to",khaاlafa / yukhaاlifu / khaاlif / mukhaاlafaahun
أَخْطَأَ \ يُخْطِئُ \ أَخْطِئْ \ إِخْطَاءٌ,"To be mistaken, to be wrong",aakhtaaa / yukhtiiu / aakhtii / إikhtaا’un
بَثَّ \ يَبُثُّ \ بُثَّ \ بَثٌّ,"To spread, propagate",bathaa / yabuthuu / buthaa / bathunun
أَتَمَّ \ يُتِمُّ \ أَتِمْ \ إِتْمَامٌ,"To complete, finish",aatamaa / yutimuu / aatim / إitmaاmun
مَزَّقَ \ يُمَزِّقُ \ مَزِّقْ \ تَمْزِيقٌ,"To tear up, rip apart",mazaaqa / yumaziiqu / maziiq / tamziyqun
تَنَاقَضَ \ يَتَنَاقَضُ \ تَنَاقَضْ \ تَنَاقُضٌ,To contradict,tanaاqada / yatanaاqadu / tanaاqad / tanaاqudun
عَامَلَ \ يُعَامِلُ \ عَامِلْ \ مُعَامَلَةٌ,"To deal with, treat",‘aاmala / yu‘aاmilu / ‘aاmil / mu‘aاmalaahun
قَلَّدَ \ يُقَلِّدُ \ قَلِّدْ \ تَقْلِيدٌ,"To imitate, copy",qalaada / yuqaliidu / qaliid / taqliydun
كَلَّفَ \ يُكَلِّفُ \ كَلِّفْ \ تَكْلِيفٌ,"To require, to ask someone to do something",kalaafa / yukaliifu / kaliif / takliyfun
وَلَّى \ يُوَلِّي \ وَلِّ \ تَوْلِيَةٌ,"To empower, authorise, appoint as ruler",walaaā / yuwaliiy / walii / tawliyaahun
نَفَعَ \ يَنْفَعُ \ اِنْفَعْ \ نَفْعٌ,To benefit,nafa‘a / yanfa‘u / اinfa‘ / naf‘un
نَسِيَ \ يَنْسَى \ اِنْسَ \ نِسْيَانٌ,To forget,nasiya / yansaā / اinsa / nisyaاnun
أَجْنَبِيٌّ \ أَجَانِبُ,"Foreign, foreigner",aajnabiyunun / aajaاnibu
قَاضٍ \ قُضَاةٌ,Judge,qaاdin / qudaاahun
ثَرْوَةٌ \ ثَرَوَاتٌ,"Fortune, wealth, treasure",tharwaahun / tharawaاtun
مُرَاهِقٌ \ مُرَاهِقُونَ,"Teenage, adolescent",muraاhiqun / muraاhiquwna
جَادٌّ \ جَادُّونَ,"Hard worker, serious",jaاdunun / jaاduuwna
مُهَاجِرٌ \ مُهَاجِرُونَ,Migrant,muhaاjirun / muhaاjiruwna
جَيْشٌ \ جُيُوشٌ,Army,jayshun / juyuwshun
صَغِيرٌ \ صِغَارٌ,"Small, young",saghiyrun / sighaاrun
غَزْوَةٌ \ غَزْوَاتٌ,Militairy expedition,ghazwaahun / ghazwaاtun
كَبِيرٌ \ كِبَارٌ,"Big, senior",kabiyrun / kibaاrun
حِكْمَةٌ \ حِكَمٌ,Wisdom,hikmaahun / hikamun
تَجْرِبَةٌ \ تَجَارِبُ,Experience,tajribaahun / tajaاribu
خَالٌّ \ أَخْوَالٌ,Maternal uncle,khaاlunun / aakhwaاlun
مَسْؤُولِيَّةٌ \ مَسْؤُولِيَّاتٌ,Responsibility,masuuwliyaaahun / masuuwliyaaاtun
شَيْخٌ \ شُيُوخٌ,"Elder, Shaykh",shaykhun / shuyuwkhun
"مَوْضُوعٌ \ مَوْضُوعَاتٌ , مَوَاضِيعُ",Subject,"mawduw‘un / mawduw‘aاtun , mawaاdiy‘u"
اِتَّحَدَ \ يَتَّحِدُ \ اِتَّحِدْ \ اِتِّحَادٌ,To unite,اitaahada / yataahidu / اitaahid / اitiihaاdun
اِحْتَلَّ \ يَحْتَلُّ \ اِحْتَلَّ \ اِحْتِلَالٌ,"To occupy, seize",اihtalaa / yahtaluu / اihtalaa / اihtilaاlun
اِسْتَعَانَ \ يَسْتَعِينُ \ اِسْتَعِنْ \ اِسْتِعَانَةٌ,To seek help,اista‘aاna / yasta‘iynu / اista‘in / اisti‘aاnaahun
اِشْتَغَلَ \ يَشْتَغِلُ \ اِشْتَغِلْ \ اِشْتِغَالٌ,To be busy/distracted; To work,اishtaghala / yashtaghilu / اishtaghil / اishtighaاlun
أَنْقَذَ \ يُنْقِذُ \ أَنْقِذْ \ إِنْقَاذٌ,"To rescue, save",aanqadha / yunqidhu / aanqidh / إinqaاdhun
اِخْتَصَرَ \ يَخْتَصِرُ \ اِخْتَصِرْ \ اِخْتِصَارٌ,"To summarise, abbreviate",اikhtasara / yakhtasiru / اikhtasir / اikhtisaاrun
"شَمَلَ \ يَشْمُلُ \ اُشْمُلْ \ شَمْلٌ , شُمُولٌ","To encompass, include","shamala / yashmulu / اushmul / shamlun , shumuwlun"
"نَازَعَ \ يُنَازِعُ \ نَازِعْ \ نِزَاعٌ , مُنَازَعَةٌ","To dispute (with), argue (with)","naاza‘a / yunaاzi‘u / naاzi‘ / nizaا‘un , munaاza‘aahun"
وَحَّدَ \ يُوَحِّدُ \ وَحِّدْ \ تَوْحِيدٌ,"To unite, make",wahaada / yuwahiidu / wahiid / tawhiydun
أَنْتَجَ \ يُنْتِجُ \ أَنْتِجْ \ إِنْتَاجٌ,To produce,aantaja / yuntiju / aantij / إintaاjun
عَزَا \ يَعْزُو \ اُعْزُ \ عَزْوٌ,To ascribe to,‘azaا / ya‘zuw / اu‘zu / ‘azwun
أَفَادَ \ يُفِيدُ \ أَفِدْ \ إِفَادَةٌ,"To benefit, serve",aafaاda / yufiydu / aafid / إifaاdaahun
"رَعَى \ يَرْعَى \ اِرْعَ \ رَعْيٌ , رِعَايَةٌ",To tend (a flock of animals),"ra‘aā / yar‘aā / اir‘a / ra‘yun , ri‘aاyaahun"
صَادَ \ يَصِيدُ \ صِدْ \ صَيْدٌ,"To hunt, shoot",saاda / yasiydu / sid / saydun
"زَرَعَ \ يَزْرَعُ \ اِزْرَعْ \ زَرْعٌ , زِرَاعَةٌ","To crop, cultivate (agriculture)","zara‘a / yazra‘u / اizra‘ / zar‘un , ziraا‘aahun"
اِسْتَشْرَقَ \ يَسْتَشْرِقُ \ اِسْتَشْرِقْ \ اِسْتِشْرَاقٌ,"To orientalise, interesting in studying the eastern world",اistashraqa / yastashriqu / اistashriq / اistishraاqun
"حَدِيثٌ \ حِدَاثٌ , حُدَثَاءُ",New,"hadiythun / hidaاthun , hudathaا’u"
طَائِعٌ \ طَائِعُونَ,"Compliant, submissive",taاii‘un / taاii‘uwna
مَهْمُومٌ \ مَهْمُومُونَ,"Anxious, concerned, troubled",mahmuwmun / mahmuwmuwna
عُمْلَةٌ \ عُمْلَاتٌ,Currency,‘umlaahun / ‘umlaاtun
عَهْدٌ \ عُهُودٌ,"Age, era, period",‘ahdun / ‘uhuwdun
فُولَةٌ \ فُولٌ,Bean,fuwlaahun / fuwlun
قِبْلَةٌ \ قِبَلٌ,(Prayer) direction,qiblaahun / qibalun
مَبْنَى \ مَبَانٍ,Building,mabnaā / mabaاnin
مَزِيَّةٌ \ مَزَايَا,"Advantage, excellence, merit",maziyaaahun / mazaاyaا
مِيزَةٌ \ مِيزَاتٌ,(Distinctive) mark/feature,miyzaahun / miyzaاtun
مَمَرٌّ \ مَمَرَّاتٌ,Passageway,mamarunun / mamaraaاtun
مُنَازَعَةٌ \ مُنَازَعَاتٌ,"Argument, dispute",munaاza‘aahun / munaاza‘aاtun
مِسَاحَةٌ \ مِسَاحَاتٌ,"Distance, space",misaاhaahun / misaاhaاtun
مَنْطِقَةٌ \ مَنَاطِقُ,Province,mantiqaahun / manaاtiqu
نَصْرَانِيٌّ \ نَصَارَى,Christian,nasraاniyunun / nasaاraā
مُحِيطٌ \ مُحِيطَاتٌ,"Ocean, surrounding",muhiytun / muhiytaاtun
أَثَارَ \ يُثِيرُ \ أَثِرْ \ إِثَارَةٌ,"To provoke, incite, instigate;<br>To plough",aathaاra / yuthiyru / aathir / إithaاraahun
أََخَافَ \ يُخِيفُ \ أَخِفْ \ إِخَافَةٌ,To frighten,aaakhaاfa / yukhiyfu / aakhif / إikhaاfaahun
اِرْتَكَبَ \ يَرْتَكِبُ \ اِرْتَكِبْ \ اِرْتِكَابٌ,To commit,اirtakaba / yartakibu / اirtakib / اirtikaاbun
اِسْتَقَرَّ \ يَسْتَقِرُّ \ اِسْتَقِرَّ \ اِسْتِقْرَارٌ,"To be settled, stable",اistaqaraa / yastaqiruu / اistaqiraa / اistiqraاrun
اِطْمَأَنَّ \ يَطْمَئِنَُ \ اِطْمَئِنَّ \ اِطْمِئْنَانٌ,To be reassured,اitmaaanaa / yatmaiinau / اitmaiinaa / اitmiinaاnun
أَوْقَفَ \ يُوقِفُ \ أَوْقِفْ \ إِيقَافٌ,To stop,aawqafa / yuwqifu / aawqif / إiyqaاfun
أَيَّدَ \ يُؤَيِّدُ \ أَيِّدْ \ تَأْيِيدٌ,"To advocate, support",aayaada / yuuayiidu / aayiid / taayiydun
بَحَثَ \ يَبْحَثُ \ اِبْحَثْ \ بَحْثٌ,To search,bahatha / yabhathu / اibhath / bahthun
تَعَاوَنَ \ يَتَعَاوَنُ \ تَعَاوَنْ \ تَعَاوُنٌ,To assist/support one another,ta‘aاwana / yata‘aاwanu / ta‘aاwan / ta‘aاwunun
تَمَتَّعَ (بِ) \ يَتَمَتَّعُ \ تَمَتَّعْ \ تَمَتُّعٌ,To take pleasure in,tamataa‘a (bi) / yatamataa‘u / tamataa‘ / tamatuu‘un
تَوَجَّهَ (إِلَى) \ يَتَوَجَّهُ \ تَوَجَّهْ \ تَوَجُّهٌ,"To proceed to, head for",tawajaaha (إilaā) / yatawajaahu / tawajaah / tawajuuhun
تَوَفَّرَ \ يَتَوَفَّرُ \ تَوَفَّرْ \ تَوَفُّرٌ,To be available,tawafaara / yatawafaaru / tawafaar / tawafuurun
حَمَى \ يَحْمِي \ اِحْمِ \ حَمْيٌ \ حِمَايَةٌ,To protect,hamaā / yahmiy / اihmi / hamyun / himaاyaahun
"خَصَّ \ يَخُصُّ \ خُصَّ \ خَصٌّ , خُصُوصِيَّةٌ",To have to do with; To distinguish,"khasaa / yakhusuu / khusaa / khasunun , khusuwsiyaaahun"
ذَاقَ \ يَذُوقُ \ ذُقْ \ ذَوْقٌ,"To experience, taste",dhaاqa / yadhuwqu / dhuq / dhawqun
سَجَنَ \ يَسْجُنُ \ اُسْجُنْ \ سِجْنٌ,To take into custody,sajana / yasjunu / اusjun / sijnun
سَرَقَ \ يَسْرِقُ \ اِسْرِقْ \ سَرِقَةٌ,To steal,saraqa / yasriqu / اisriq / sariqaahun
"عَاقَبَ \ يُعَاقِبُ \ عَاقِبْ \ عِقَابٌ , مُعَاقَبَةٌ",To punish,"‘aاqaba / yu‘aاqibu / ‘aاqib / ‘iqaاbun , mu‘aاqabaahun"
قَبَضَ \ يَقْبِضُ \ اِقْبِضْ \ قَبْضٌ,"To arrest, seize, apprehend",qabada / yaqbidu / اiqbid / qabdun
نَشِطَ \ يَنْشَطُ \ اِشَطْ \ نَشَاطٌ,"To be active, to proceed",nashita / yanshatu / اishat / nashaاtun
نَفَّذَ \ يُنَفِّذُ \ نَفِّذْ \ تَنْفِيذٌ,"To adhere to, carry out",nafaadha / yunafiidhu / nafiidh / tanfiydhun
هَيْمَنَ \ يُهَيْمِنُ \ هَيْمِنْ \ هَيْمَنَةٌ,"To control, dominate",haymana / yuhayminu / haymin / haymanaahun
قَارَنَ \ يُقَارِنُ \ قَارِنْ \ مُقَارَنَةٌ,To compare,qaاrana / yuqaاrinu / qaاrin / muqaاranaahun
اِغْتَصَبَ \ يَغْتَصِبُ \ اِغْتَصِبْ \ اِغْتِصَابٌ,"To rape, take by force",اightasaba / yaghtasibu / اightasib / اightisaاbun
أَضْعَفَ \ يُضْعِفُ \ أَضْعِفْ \ إِضْعَافٌ,To weaken,aad‘afa / yud‘ifu / aad‘if / إid‘aاfun
"شَغَلَ \ يَشْغَلُ \ اِشْغَلُ \ شَغْلٌ , شُغْلٌ","To engage, keep busy","shaghala / yashghalu / اishghalu / shaghlun , shughlun"
تَوَقَّفَ \ يَتَوَقَّفُ \ تَوَقَّفْ \ تَوَقُّفٌ,To come to a standstill,tawaqaafa / yatawaqaafu / tawaqaaf / tawaquufun
سَاوَى \ يُسَاوِي \ سَاوِ \ مُسَاوَةٌ,To be equivalent to,saاwaā / yusaاwiy / saاwi / musaاwaahun
أَدَامَ \ يُدِيمُ \ أَدِمْ \ إِدَامَةٌ,"To make permanent, maintain, preserve",aadaاma / yudiymu / aadim / إidaاmaahun
حَدَّثَ \ يُحَدِّثُ \ حَدِّثْ \ تَحْدِيثٌ,To speak,hadaatha / yuhadiithu / hadiith / tahdiythun
أَمِنَ \ يَأْمَنُ \ اِئْمَنْ \ أَمْنٌ,"To be safe, secure",aamina / yaamanu / اiiman / aamnun
بِنَاءٌ \ أَبْنِيَةٌ,"Construntion, building",binaا’un / aabniyaahun
حَادِثٌ \ حَوَادِثُ,"Event, tragedy",haاdithun / hawaاdithu
حَدٌّ \ حُدُودٌ,Punishment,hadunun / huduwdun
خَرِيطَةٌ \ خَرَائِطُ,Map,khariytaahun / kharaاiitu
شُرْطِيٌّ \ شُرْطَةٌ,Police officer,shurtiyunun / shurtaahun
شَقِيٌّ \ أَشَقِيَاءُ,Miserable,shaqiyunun / aashaqiyaا’u
ضَعِيفٌ \ ضُعَفَاءُ,Weak,da‘iyfun / du‘afaا’u
طَاقَةٌ \ طَاقَاتٌ,"Energy, power, strength",taاqaahun / taاqaاtun
عَدْوَى \ عَدَاوَى,Infection,‘adwaā / ‘adaاwaā
عَصْبَة \ عَصَبَات,"Union, association, society",‘asbaah / ‘asabaاt
قَانُونٌ \ قَوَانِينُ,"Law, legistation",qaاnuwnun / qawaاniynu
قَضِيَّةٌ \ قَضَايَا,"Affair, issue, case, lawsuit",qadiyaaahun / qadaاyaا
مُجْرِمٌ \ مُجْرِمُونَ,Criminal,mujrimun / mujrimuwna
مَجْلِسٌ \ مَجَالِسُ,"Assembly, place of assembly",majlisun / majaاlisu
مَشْرُوعٌ \ مَشَارِيعُ,Project,mashruw‘un / mashaاriy‘u
سِلَاحٌ \ أَسْلِحَةٌ,Weapon,silaاhun / aaslihaahun
"نَهَارٌ \ أَنْهُرٌ , نُهُرٌ",Daytime,"nahaاrun / aanhurun , nuhurun"
جَانٍ \ جُنَاةٌ,Criminal,jaاnin / junaاahun
مُنَظَّمَةٌ \ مُنَظَّمَاتٌ,"Association, union, confederation",munazaamaahun / munazaamaاtun
عُقُوبَةٌ \ عُقُوبَاتٌ,Punishment,‘uquwbaahun / ‘uquwbaاtun
قَرَارٌ \ قَرَارَاتٌ,"Descision, judgement, sentence",qaraاrun / qaraاraاtun
رَادِعٌ \ رَوَادِعُ,Deterrent,raاdi‘un / rawaاdi‘u
أَحْرَقَ \ يُحْرِقُ \ أَحْرِقْ \ إِحْرَاقٌ,To set on fire,aahraqa / yuhriqu / aahriq / إihraاqun
اِسْتَهْلَكَ \ يَسْتَهْلِكُ \ اِسْتَهْلِكْ \ اِسْتِهْلَاكٌ,To consume,اistahlaka / yastahliku / اistahlik / اistihlaاkun
اِلْتَهَبَ \ يَلْتَهِبُ \ اِلْتَهْبْ \ اِلْتِهَابٌ,To inflame,اiltahaba / yaltahibu / اiltahb / اiltihaاbun
أَلْقَى \ يُلْقِي \ اَلْقِ \ إِلْقَاءٌ,To throw,aalqaā / yulqiy / اalqi / إilqaا’un
اِنْقَرَضَ \ يَنْقَرِضُ \ اِنْقَرِضْ \ اِنْقِرَاضٌ,To become extinct,اinqarada / yanqaridu / اinqarid / اinqiraاdun
سَبَّبَ \ يُسَبِّبُ \ سَبِّبْ \ تَسْبِيبٌ,To cause,sabaaba / yusabiibu / sabiib / tasbiybun
حَيَّرَ \ يُحَيِّرُ \ حَيِّرْ \ تَحْيِيرٌ,"To confuse, puzzle, perplex",hayaara / yuhayiiru / hayiir / tahyiyrun
أَتْلَفَ \ يُتْلِفُ \ أَتْلِفْ \ إِتْلَافٌ,To damage; To destroy,aatlafa / yutlifu / aatlif / إitlaاfun
دَفَنَ \ يَدْفَنُ \ اِدْفِنْ \ دَفْنٌ,To bury,dafana / yadfanu / اidfin / dafnun
ذَكَرَ \ يَذْكُرُ \ اُذْكُرْ \ ذِكْرٌ,"To cite, mention, state",dhakara / yadhkuru / اudhkur / dhikrun
"غَرَسَ \ يَغْرِسُ \ اِغْرِسْ \ غَرْسٌ , غِرَاسَةٌ",To plant,"gharasa / yaghrisu / اighris / gharsun , ghiraاsaahun"
رَاقَبَ \ يُرَاقِبُ \ رَاقِبْ \ مُرَاقَبَةٌ,"To monitor, to watch",raاqaba / yuraاqibu / raاqib / muraاqabaahun
اِشْتَرَكَ \ يَشْتَرِكُ \ اِشْتَرِكْ \ اِشْتِرَاكٌ,"To join, partake (in)",اishtaraka / yashtariku / اishtarik / اishtiraاkun
بِئْرٌ \ آبَارٌ,Well,biirun / ābaاrun
عَمَلٌ \ أَعْمَالٌ,Job,‘amalun / aa‘maاlun
خَطَرٌ \ أَخْطَارٌ,Danger,khatarun / aakhtaاrun
"أَرْضٌ \ أَرْضُونَ , أَرَاضٍ","Earth, land","aardun / aarduwna , aaraاdin"
أَزْمَةٌ \ أَزْمَاتٌ,"Crisis, emergency",aazmaahun / aazmaاtun
سَرَطَانٌ \ سَرَطَانَاتٌ,Cancer,sarataاnun / sarataاnaاtun
بَيَانٌ \ بَيَانَاتٌ,"Explanation, clarification, demonstration",bayaاnun / bayaاnaاtun
جَوْلَةٌ \ جَوْلَاتٌ,"Trip, tour, round",jawlaahun / jawlaاtun
مَسْرُورٌ \ مَسْرُورُونَ,Happy,masruwrun / masruwruwna
رِئَةٌ \ رِئَاتٌ,Lung,riiaahun / riiaاtun
عَيْنٌ \ عُيُونٌ,Eye,‘aynun / ‘uyuwnun
رَائِحَةٌ \ رَوَائِحُ,"Smell, fragrance, scent",raاiihaahun / rawaاiihu
مُؤَسَّسَةٌ \ مُؤَسَّسَاتٌ,"Foundation, institute, organisation",muuasaasaahun / muuasaasaاtun
نَادِرٌ \ نَادِرُونَ,"Rare, scarce",naاdirun / naاdiruwna
نَبَاتٌ \ نَبَاتَاتٌ,"Vegetation, plant(s)",nabaاtun / nabaاtaاtun
نُفَايَةٌ \ نُفَايَاتٌ,"Waste, garbage",nufaاyaahun / nufaاyaاtun
اِحْتَاطَ \ يَحْتَاطُ \ اِحْتَطْ \ اِحْتِيَاطٌ,"To be cautious, careful",اihtaاta / yahtaاtu / اihtat / اihtiyaاtun
اِدَّعَى \ يَدَّعِي \ اِدَّعِ \ اِدِّعَاءٌ,To claim,اidaa‘aā / yadaa‘iy / اidaa‘i / اidii‘aا’un
اِسْتَغَلَّ \ يَسْتَغِلُّ \ اِسْتَغِلَّ \ اِسْتِغْلَالٌ,"To benefit from/by, exploit",اistaghalaa / yastaghiluu / اistaghilaa / اistighlaاlun
اِسْتَفَادَ \&nbsp;يَسْتَفِيدُ \ اِسْتَفِدْ \ اِسْتَفَادَةٌ,To benefit from/by,اistafaاda / &nbsp;yastafiydu / اistafid / اistafaاdaahun
اِنْخَفَضَ \ يَنْخَفِضُ \ اِنْخَفِضْ \ اِنْخِفَاضٌ,"To decrease, become less",اinkhafada / yankhafidu / اinkhafid / اinkhifaاdun
بَذَّرَ \ يُبَذِّرُ \ بَذِّرْ \ تَبْذِيرٌ,To waste,badhaara / yubadhiiru / badhiir / tabdhiyrun
جَمَّلَ \ يُجَمِّلُ \ جَمِّلْ \ تَجْمِيلٌ,To beautify,jamaala / yujamiilu / jamiil / tajmiylun
بَرَّدَ \ يُبِرِّدُ \ بَرِّدْ \ تَبْرِيدٌ,"To cool, freeze, refrigerate",baraada / yubiriidu / bariid / tabriydun
سَخَّنَ \ يُسَخِّنُ \ سَخِّنْ \ تَسْخِينٌ,To warm up,sakhaana / yusakhiinu / sakhiin / taskhiynun
أَضَاءَ \ يُضِيءُ \ أَضِئْ \ إِضَاءَةٌ,"To light up, illuminate",aadaا’a / yudiy’u / aadii / إidaا’aahun
جَدَّدَ \ يُجَدِّدُ \ جَدِّدْ \ تَجْدِيدٌ,To renew,jadaada / yujadiidu / jadiid / tajdiydun
صَدَّرَ \ يُصَدِّرُ \ صَدِّرْ \ تَصْدِيرٌ,To export; To begin something with,sadaara / yusadiiru / sadiir / tasdiyrun
ضَاعَفَ \ يُضَاعِفَ \ ضَاعِفْ \ مَضَاعَفَةٌ,"To double, to multiple",daا‘afa / yudaا‘ifa / daا‘if / madaا‘afaahun
طَبَخَ \ يَطْبُخُ \ اُطْبُخْ \ طَبْخٌ,To cook,tabakha / yatbukhu / اutbukh / tabkhun
قَفَزَ \ يَقْفِزُ \ اِقْفِزْ \ قَفْزٌ,"To jump, leap",qafaza / yaqfizu / اiqfiz / qafzun
دَفَّأَ \ يُدَفِّئُ \ دَفِّئْ \ تَدْفِئَةٌ,"To heat, warm (up)",dafaaaa / yudafiiiu / dafiii / tadfiiaahun
اِسْتَجَابَ (لِ) \ يَسْتَجِيبُ \ اِسْتَجِبْ \ اِسْتِجَابَةٌ,"To respond, carry out",اistajaاba (li) / yastajiybu / اistajib / اistijaاbaahun
اِسْتَمَدَّ \ يَسْتَمِدُّ \ اِسْتَمِدَّ \ اِسْتِمْدَادٌ,"To get from, obtain from, take from",اistamadaa / yastamiduu / اistamidaa / اistimdaاdun
"نَفِدَ \ يَنْفَدُ \ اِنْفَدْ \ نَفَادٌ , نَفَدٌ","To run out, be exhausted","nafida / yanfadu / اinfad / nafaاdun , nafadun"
"جَرَّبَ \ يُجَرِّبُ \ جَرِّبْ \ تَجْرِيبٌ , تَجْرِبَةٌ","To try, test","jaraaba / yujariibu / jariib / tajriybun , tajribaahun"
اِحْتَجَبَ \ يَحْتَجِبُ \ اِحْتَجِبْ \ اِحْتِجَابٌ,"To be covered, concealed",اihtajaba / yahtajibu / اihtajib / اihtijaاbun
جِهَازٌ \ أَجْهِزَةٌ,"Appliance, device",jihaاzun / aajhizaahun
سِعْرٌ \ أَسْعَارٌ,Price,si‘run / aas‘aاrun
سِمَادٌ \ أَسْمِدَةٌ,Fertilizer,simaاdun / aasmidaahun
لَوْحٌ \ أَلْوَاحٌ,Panel,lawhun / aalwaاhun
بَرْمِيلٌ \ بَرَامِيلُ,Barrel,barmiylun / baraاmiylu
خَلَّاطٌ \ خَلَّاطَاتٌ,Blender,khalaaاtun / khalaaاtaاtun
ذَنْبٌ \ ذُنُوبٌ,"Crime, sin",dhanbun / dhunuwbun
مِيزَانِيَّةٌ \ مِيزَانِيَّاتٌ,Budget,miyzaاniyaaahun / miyzaاniyaaاtun
شَاحِنَةٌ \ شَاحِنَاتٌ,Truck,shaاhinaahun / shaاhinaاtun
ضَرِيبَةٌ \ ضَرَائِبُ,Tax,dariybaahun / daraاiibu
غَسَّالَةٌ \ غَسَّالَاتٌ,Washing machine,ghasaaاlaahun / ghasaaاlaاtun
فَاتُورَةٌ \ فَوَاتِيرُ,"Bill, receipt, invoice",faاtuwraahun / fawaاtiyru
مَحْدُودٌ \ مَحْدُودُونَ,"Limited, fixed",mahduwdun / mahduwduwna
مِذْيَاعٌ \ مَذَايِيعُ,Radio,midhyaا‘un / madhaاyiy‘u
مَصْدَرٌ \ مَصَادِرُ,Source,masdarun / masaاdiru
مِكْنَسَةٌ \ مِكْنَسَاتٌ,Vacuum cleaner,miknasaahun / miknasaاtun
مُنْتَجٌ \ مُنْتَجَاتٌ,Product,muntajun / muntajaاtun
نَجْمٌ \ نُجُومٌ,Star,najmun / nujuwmun
مَنْسُوجٌ \ مَنْسُوجَاتٌ,"Clothes, anything made from fabric",mansuwjun / mansuwjaاtun
مُنَظِّفٌ \ مُنَظِّفَاتٌ,"Cleaning product, detergent",munaziifun / munaziifaاtun
شُعَاعٌ \ أَشِعَّةٌ,Ray,shu‘aا‘un / aashi‘aaahun
"حَمَامَةٌ \ حَمَامٌ , حَمَائِمُ","Pigeon, dove","hamaاmaahun / hamaاmun , hamaاiimu"
جَمَلٌ \ جِمَالٌ,Camel,jamalun / jimaاlun
ظَهْرٌ \ ظُهُورٌ,Back,zahrun / zuhuwrun
شَاشَةٌ \ شَاشَاتٌ,Screen,shaاshaahun / shaاshaاtun
عُنْوَانٌ \ عَنَاوِينُ,Address,‘unwaاnun / ‘anaاwiynu
تَارِيخٌ \ تَوَارِيخٌ,History,taاriykhun / tawaاriykhun
تُرْبَةٌ \ تُرْبَاتٌ,"Earth, land, soil",turbaahun / turbaاtun
رَغْمَ (ذلك),"Despite, in spite of",raghma (dhlk)
عَادِيّ,"Normal, regular, usual",‘aاdiyy
شَحْم \ شُحُوم,"Fat, grease",shahm / shuhuwm
بَدَانَة,Obesity,badaاnaah
دَسَم,Fat; Fatty (full fat),dasam
نَشْوِيّ \ نَشْوِيَّات,"Starchy, starchy foodstuffs (carbohydrates)",nashwiyy / nashwiyaaاt
دُهْن \ دُهُون,Oil (eating); Fat,duhn / duhuwn
عَنَاء,"Pains, hardship, trouble",‘anaا’
مُتْعَة \ مُتَع,"Enjoyment, pleasure, delight",mut‘aah / muta‘
رِمَايَة,Shooting; Archery,rimaاyaah
فَلَك \ أَفْلَاك,Astronomy; Astrology,falak / aaflaاk
بِطَالَة,"Idleness, inactivity; Unemployment",bitaاlaah
إِقْتِصَاد,"Economy, economics",إiqtisaاd
غَنِمَ \ يَغْنَمُ \ غُنْم,To gain booty; To obtain something,ghanima / yaghnamu / ghunm
قَصْعَة \ قِصَاع,"Large bowl, vessel",qas‘aah / qisaا‘
حِلْس \ أَحْلَاس,Cushion; Saddle blanket,hils / aahlaاs
"قَدُّوم , قَدُوم \ قَدَائِم , قُدُم","Axe, blade of an axe","qaduuwm , qaduwm / qadaاiim , qudum"
"عُود \ أَعْوَاد , عِيدَان","Stick, rod, pole","‘uwd / aa‘waاd , ‘iydaاn"
تَخَصَّصَ \ يَتَخَصَّصُ \ تَخَصُّص,To specialise in,takhasaasa / yatakhasaasu / takhasuus
قَوِيَ \ يَقْوَى \ قُوَّة,"To or become strong, mighty",qawiya / yaqwaā / quwaaah
رَسْمِيّ,"Official, formal, conventional",rasmiyy
اِمْتِيَاز \ اِمْتِيَازَات,"Distinction, merit",اimtiyaاz / اimtiyaاzaاt
مُلَخَّص,"Summarized, abridged",mulakhaas
تَنْمِيَة,"Increase, augmentation; Advancement",tanmiyaah
مَحَلِّيّ,"Local; Native, indigenous",mahaliiyy
مَطَّاط,"Exendable, stretchable; Rubber",mataaاt
اِتَّهَمَ \ يَتَّهِمُ \ اِتِّهَام,"To question, have doubts about; To suspect",اitaahama / yataahimu / اitiihaاm
حَذَافِير,"All of it, entirely, without exception",hadhaاfiyr
شِرْيَان \ شَرَايِين,Artery,shiryaاn / sharaاyiyn
فَحْم \ فُحُومَات,"Coal, charcoal",fahm / fuhuwmaاt
